USERNAME,FOLLOWING
Shivam Kumar,"17 posts
141 followers
188 following"
Ritika Sajdeh,"643 posts
1.5m followers
220 following"
Rohit Sharma,"741 posts
10.4m followers
95 following"
Ritesh singh(shivanshu),"11 posts
169 followers
103 following"
EngineerBabu,"496 posts
1,753 followers
1,294 following"
rajeev,"12 posts
320 followers
97 following"
Ishita Dutta Sheth,"845 posts
639k followers
225 following"
Pearl V Puri,"1,105 posts
1.4m followers
322 following"
India Cricket team,"955 posts
1,461 followers
136 following"
Zodriudy,"33 posts
123 followers
135 following"
